SmartWorking.Office.Gui.g.en-US.resources:updatematerial.baml,UserControl_1:SmartWorking.Office.Gui.View.Materials.UpdateMaterial.$Content,None,True,True,,#Grid_1;
SmartWorking.Office.Gui.g.en-US.resources:updatematerial.baml,UserControl_1:System.Windows.FrameworkElement.Height,None,False,True,,88
SmartWorking.Office.Gui.g.en-US.resources:updatematerial.baml,UserControl_1:System.Windows.FrameworkElement.Width,None,False,True,,299
SmartWorking.Office.Gui.g.en-US.resources:updatematerial.baml,Grid_1:System.Windows.FrameworkElement.Height,None,False,True,,83
SmartWorking.Office.Gui.g.en-US.resources:updatematerial.baml,Grid_1:System.Windows.FrameworkElement.Width,None,False,True,,302
SmartWorking.Office.Gui.g.en-US.resources:updatematerial.baml,Grid_2:System.Windows.FrameworkElement.VerticalAlignment,None,False,True,,Top
SmartWorking.Office.Gui.g.en-US.resources:updatematerial.baml,TextBlock_1:System.Windows.Controls.TextBlock.$Content,Text,True,True,,
SmartWorking.Office.Gui.g.en-US.resources:updatematerial.baml,TextBlock_1:System.Windows.Controls.TextBlock.Text,Text,True,True,,Nazwa:
SmartWorking.Office.Gui.g.en-US.resources:updatematerial.baml,TextBlock_2:System.Windows.Controls.TextBlock.$Content,Text,True,True,,
SmartWorking.Office.Gui.g.en-US.resources:updatematerial.baml,TextBlock_2:System.Windows.Controls.TextBlock.Text,Text,True,True,,Skrót:
SmartWorking.Office.Gui.g.en-US.resources:updatematerial.baml,TextBlock_2:System.Windows.Controls.Grid.Row,None,False,True,,1
SmartWorking.Office.Gui.g.en-US.resources:updatematerial.baml,TextBox_1:System.Windows.Controls.TextBox.$Content,Text,True,True,,
SmartWorking.Office.Gui.g.en-US.resources:updatematerial.baml,TextBox_1:System.Windows.FrameworkElement.MinWidth,None,False,True,,150
SmartWorking.Office.Gui.g.en-US.resources:updatematerial.baml,TextBox_1:System.Windows.Controls.Grid.Column,None,False,True,,1
SmartWorking.Office.Gui.g.en-US.resources:updatematerial.baml,TextBox_2:System.Windows.Controls.TextBox.$Content,Text,True,True,,
SmartWorking.Office.Gui.g.en-US.resources:updatematerial.baml,TextBox_2:System.Windows.Controls.Grid.Row,None,False,True,,1
SmartWorking.Office.Gui.g.en-US.resources:updatematerial.baml,TextBox_2:System.Windows.Controls.Grid.Column,None,False,True,,1
SmartWorking.Office.Gui.g.en-US.resources:updatematerial.baml,Border_1:System.Windows.Controls.Grid.Row,None,False,True,,1
SmartWorking.Office.Gui.g.en-US.resources:updatematerial.baml,Border_1:System.Windows.Controls.Grid.ColumnSpan,None,False,True,,2
SmartWorking.Office.Gui.g.en-US.resources:updatematerial.baml,StackPanel_1:System.Windows.Controls.StackPanel.Orientation,None,False,True,,Horizontal
SmartWorking.Office.Gui.g.en-US.resources:updatematerial.baml,StackPanel_1:System.Windows.Controls.Grid.Row,None,False,True,,2
SmartWorking.Office.Gui.g.en-US.resources:updatematerial.baml,StackPanel_1:System.Windows.Controls.Grid.ColumnSpan,None,False,True,,2
SmartWorking.Office.Gui.g.en-US.resources:updatematerial.baml,StackPanel_1:System.Windows.FrameworkElement.HorizontalAlignment,None,False,True,,Right
SmartWorking.Office.Gui.g.en-US.resources:updatematerial.baml,Button_1:System.Windows.Controls.Button.$Content,Button,True,True,,
SmartWorking.Office.Gui.g.en-US.resources:updatematerial.baml,Button_1:System.Windows.Controls.ContentControl.Content,Button,True,True,,Zapisz
SmartWorking.Office.Gui.g.en-US.resources:updatematerial.baml,Button_2:System.Windows.Controls.Button.$Content,Button,True,True,,
SmartWorking.Office.Gui.g.en-US.resources:updatematerial.baml,Button_2:System.Windows.Controls.ContentControl.Content,Button,True,True,,Anuluj
SmartWorking.Office.Gui.g.en-US.resources:managecontractors.baml,UserControl_1:SmartWorking.Office.Gui.View.Contractors.ManageContractors.$Content,None,True,True,,#Grid_1;
SmartWorking.Office.Gui.g.en-US.resources:managecontractors.baml,RowDefinition_2:System.Windows.Controls.RowDefinition.MinHeight,None,False,True,,200
SmartWorking.Office.Gui.g.en-US.resources:managecontractors.baml,Shared:PanelLabel_1:SmartWorking.Office.Gui.View.Shared.PanelLabel.$Content,None,True,True,,Kontrahenci
SmartWorking.Office.Gui.g.en-US.resources:managecontractors.baml,Grid_2:System.Windows.Controls.Grid.Row,None,False,True,,1
SmartWorking.Office.Gui.g.en-US.resources:managecontractors.baml,GroupBox_1:System.Windows.Controls.GroupBox.$Content,None,False,True,,#Grid_3;
SmartWorking.Office.Gui.g.en-US.resources:managecontractors.baml,GroupBox_1:System.Windows.Controls.HeaderedContentControl.Header,Label,True,True,,Kontrahent
SmartWorking.Office.Gui.g.en-US.resources:managecontractors.baml,Shared:DescriptionButton_1:SmartWorking.Office.Gui.View.Shared.DescriptionButton.$Content,None,False,True,,Dodaj
SmartWorking.Office.Gui.g.en-US.resources:managecontractors.baml,Shared:DescriptionButton_2:SmartWorking.Office.Gui.View.Shared.DescriptionButton.$Content,None,False,True,,Edytuj
SmartWorking.Office.Gui.g.en-US.resources:managecontractors.baml,Shared:DescriptionButton_3:SmartWorking.Office.Gui.View.Shared.DescriptionButton.$Content,None,False,True,,Usuń
SmartWorking.Office.Gui.g.en-US.resources:managecontractors.baml,DataGrid_1:System.Windows.Controls.DataGrid.$Content,None,False,True,,
SmartWorking.Office.Gui.g.en-US.resources:managecontractors.baml,DataGrid_1:System.Windows.Controls.Grid.Column,None,False,True,,1
SmartWorking.Office.Gui.g.en-US.resources:managecontractors.baml,DataGridTextColumn_1:System.Windows.Controls.DataGridTextColumn.$Content,None,True,True,,
SmartWorking.Office.Gui.g.en-US.resources:managecontractors.baml,DataGridTextColumn_1:System.Windows.Controls.DataGridColumn.Header,Label,True,True,,Id
SmartWorking.Office.Gui.g.en-US.resources:managecontractors.baml,DataGridTextColumn_2:System.Windows.Controls.DataGridTextColumn.$Content,None,True,True,,
SmartWorking.Office.Gui.g.en-US.resources:managecontractors.baml,DataGridTextColumn_2:System.Windows.Controls.DataGridColumn.Header,Label,True,True,,Pelna nazwa
SmartWorking.Office.Gui.g.en-US.resources:managecontractors.baml,DataGridTextColumn_3:System.Windows.Controls.DataGridTextColumn.$Content,None,True,True,,
SmartWorking.Office.Gui.g.en-US.resources:managecontractors.baml,DataGridTextColumn_3:System.Windows.Controls.DataGridColumn.Header,Label,True,True,,Nazwisko
SmartWorking.Office.Gui.g.en-US.resources:managecontractors.baml,DataGridTextColumn_4:System.Windows.Controls.DataGridTextColumn.$Content,None,True,True,,
SmartWorking.Office.Gui.g.en-US.resources:managecontractors.baml,DataGridTextColumn_4:System.Windows.Controls.DataGridColumn.Header,Label,True,True,,Imie
SmartWorking.Office.Gui.g.en-US.resources:managecontractors.baml,DataGridTextColumn_5:System.Windows.Controls.DataGridTextColumn.$Content,None,True,True,,
SmartWorking.Office.Gui.g.en-US.resources:managecontractors.baml,DataGridTextColumn_5:System.Windows.Controls.DataGridColumn.Header,Label,True,True,,Telefon
SmartWorking.Office.Gui.g.en-US.resources:managecontractors.baml,GroupBox_2:System.Windows.Controls.GroupBox.$Content,None,False,True,,#Grid_4;
SmartWorking.Office.Gui.g.en-US.resources:managecontractors.baml,GroupBox_2:System.Windows.Controls.Grid.Column,None,False,True,,1
SmartWorking.Office.Gui.g.en-US.resources:managecontractors.baml,GroupBox_2:System.Windows.Controls.HeaderedContentControl.Header,Label,True,True,,Budowy
SmartWorking.Office.Gui.g.en-US.resources:managecontractors.baml,Shared:PanelLabel_2:SmartWorking.Office.Gui.View.Shared.PanelLabel.$Content,None,False,True,,Budowy
SmartWorking.Office.Gui.g.en-US.resources:managecontractors.baml,Grid_5:System.Windows.Controls.Grid.Row,None,False,True,,1
SmartWorking.Office.Gui.g.en-US.resources:managecontractors.baml,StackPanel_2:System.Windows.Controls.Grid.Column,None,False,True,,1
SmartWorking.Office.Gui.g.en-US.resources:managecontractors.baml,Shared:DescriptionButton_4:SmartWorking.Office.Gui.View.Shared.DescriptionButton.$Content,None,False,True,,Dodaj
SmartWorking.Office.Gui.g.en-US.resources:managecontractors.baml,Shared:DescriptionButton_5:SmartWorking.Office.Gui.View.Shared.DescriptionButton.$Content,None,False,True,,Edytuj
SmartWorking.Office.Gui.g.en-US.resources:managecontractors.baml,Shared:DescriptionButton_6:SmartWorking.Office.Gui.View.Shared.DescriptionButton.$Content,None,False,True,,Usuń
SmartWorking.Office.Gui.g.en-US.resources:managecontractors.baml,DataGrid_2:System.Windows.Controls.DataGrid.$Content,None,False,True,,
SmartWorking.Office.Gui.g.en-US.resources:managecontractors.baml,DataGrid_2:System.Windows.Controls.Grid.Row,None,False,True,,1
SmartWorking.Office.Gui.g.en-US.resources:managecontractors.baml,DataGridTextColumn_6:System.Windows.Controls.DataGridTextColumn.$Content,None,True,True,,
SmartWorking.Office.Gui.g.en-US.resources:managecontractors.baml,DataGridTextColumn_6:System.Windows.Controls.DataGridColumn.Header,Label,True,True,,Id
SmartWorking.Office.Gui.g.en-US.resources:managecontractors.baml,DataGridTextColumn_7:System.Windows.Controls.DataGridTextColumn.$Content,None,True,True,,
SmartWorking.Office.Gui.g.en-US.resources:managecontractors.baml,DataGridTextColumn_7:System.Windows.Controls.DataGridColumn.Header,Label,True,True,,Miasto
SmartWorking.Office.Gui.g.en-US.resources:managecontractors.baml,DataGridTextColumn_8:System.Windows.Controls.DataGridTextColumn.$Content,None,True,True,,
SmartWorking.Office.Gui.g.en-US.resources:managecontractors.baml,DataGridTextColumn_8:System.Windows.Controls.DataGridColumn.Header,Label,True,True,,Ulica
SmartWorking.Office.Gui.g.en-US.resources:managecontractors.baml,DataGridTextColumn_9:System.Windows.Controls.DataGridTextColumn.$Content,None,True,True,,
SmartWorking.Office.Gui.g.en-US.resources:managecontractors.baml,DataGridTextColumn_9:System.Windows.Controls.DataGridColumn.Header,Label,True,True,,Numer domu
SmartWorking.Office.Gui.g.en-US.resources:managecontractors.baml,StackPanel_3:System.Windows.Controls.Grid.Row,None,False,True,,2
SmartWorking.Office.Gui.g.en-US.resources:managecontractors.baml,StackPanel_3:System.Windows.Controls.StackPanel.Orientation,None,False,True,,Horizontal
SmartWorking.Office.Gui.g.en-US.resources:managecontractors.baml,StackPanel_3:System.Windows.Controls.Grid.Column,None,False,True,,1
SmartWorking.Office.Gui.g.en-US.resources:managecontractors.baml,StackPanel_3:System.Windows.FrameworkElement.HorizontalAlignment,None,False,True,,Right
SmartWorking.Office.Gui.g.en-US.resources:managecontractors.baml,Shared:DescriptionButton_7:SmartWorking.Office.Gui.View.Shared.DescriptionButton.$Content,None,True,True,,
SmartWorking.Office.Gui.g.en-US.resources:managecontractors.baml,Shared:DescriptionButton_7:System.Windows.Controls.ContentControl.Content,None,True,True,,Anuluj
SmartWorking.Office.Gui.g.en-US.resources:managecontractors.baml,Shared:DescriptionButton_7:SmartWorking.Office.Gui.View.Shared.DescriptionButton.Comment,None,True,True,,Zamknij okno
SmartWorking.Office.Gui.g.en-US.resources:updatedeliverynote.baml,UserControl_1:SmartWorking.Office.Gui.View.DeliveryNotes.UpdateDeliveryNote.$Content,None,True,True,,#Grid_1;
SmartWorking.Office.Gui.g.en-US.resources:updatedeliverynote.baml,UserControl_1:System.Windows.FrameworkElement.Height,None,False,True,,483
SmartWorking.Office.Gui.g.en-US.resources:updatedeliverynote.baml,UserControl_1:System.Windows.FrameworkElement.Width,None,False,True,,604
SmartWorking.Office.Gui.g.en-US.resources:updatedeliverynote.baml,GroupBox_1:System.Windows.Controls.GroupBox.$Content,None,False,True,,#StackPanel_1;
SmartWorking.Office.Gui.g.en-US.resources:updatedeliverynote.baml,GroupBox_1:System.Windows.Controls.HeaderedContentControl.Header,Label,True,True,,Budowa
SmartWorking.Office.Gui.g.en-US.resources:updatedeliverynote.baml,Button_1:System.Windows.Controls.Button.$Content,Button,True,True,,
SmartWorking.Office.Gui.g.en-US.resources:updatedeliverynote.baml,Button_1:System.Windows.Controls.ContentControl.Content,Button,True,True,,Wybierz budowę
SmartWorking.Office.Gui.g.en-US.resources:updatedeliverynote.baml,TextBlock_1:System.Windows.Controls.TextBlock.$Content,Text,True,True,,
SmartWorking.Office.Gui.g.en-US.resources:updatedeliverynote.baml,TextBlock_1:System.Windows.Controls.TextBlock.Text,Text,True,True,,Pełna nazwa:
SmartWorking.Office.Gui.g.en-US.resources:updatedeliverynote.baml,TextBlock_2:System.Windows.Controls.TextBlock.$Content,Text,True,True,,
SmartWorking.Office.Gui.g.en-US.resources:updatedeliverynote.baml,TextBlock_2:System.Windows.Controls.TextBlock.Text,Text,True,True,,Nazwisko:
SmartWorking.Office.Gui.g.en-US.resources:updatedeliverynote.baml,TextBlock_2:System.Windows.Controls.Grid.Row,None,False,True,,1
SmartWorking.Office.Gui.g.en-US.resources:updatedeliverynote.baml,TextBlock_3:System.Windows.Controls.TextBlock.$Content,Text,True,True,,
SmartWorking.Office.Gui.g.en-US.resources:updatedeliverynote.baml,TextBlock_3:System.Windows.Controls.TextBlock.Text,Text,True,True,,Imię:
SmartWorking.Office.Gui.g.en-US.resources:updatedeliverynote.baml,TextBlock_3:System.Windows.Controls.Grid.Row,None,False,True,,2
SmartWorking.Office.Gui.g.en-US.resources:updatedeliverynote.baml,TextBlock_4:System.Windows.Controls.TextBlock.$Content,Text,True,True,,
SmartWorking.Office.Gui.g.en-US.resources:updatedeliverynote.baml,TextBlock_4:System.Windows.Controls.TextBlock.Text,Text,True,True,,Telefon:
SmartWorking.Office.Gui.g.en-US.resources:updatedeliverynote.baml,TextBlock_4:System.Windows.Controls.Grid.Row,None,False,True,,3
SmartWorking.Office.Gui.g.en-US.resources:updatedeliverynote.baml,TextBox_1:System.Windows.Controls.TextBox.$Content,Text,True,True,,
SmartWorking.Office.Gui.g.en-US.resources:updatedeliverynote.baml,TextBox_1:System.Windows.FrameworkElement.MinWidth,None,False,True,,150
SmartWorking.Office.Gui.g.en-US.resources:updatedeliverynote.baml,TextBox_1:System.Windows.Controls.Grid.Column,None,False,True,,1
SmartWorking.Office.Gui.g.en-US.resources:updatedeliverynote.baml,TextBox_2:System.Windows.Controls.TextBox.$Content,Text,True,True,,
SmartWorking.Office.Gui.g.en-US.resources:updatedeliverynote.baml,TextBox_2:System.Windows.Controls.Grid.Row,None,False,True,,1
SmartWorking.Office.Gui.g.en-US.resources:updatedeliverynote.baml,TextBox_2:System.Windows.Controls.Grid.Column,None,False,True,,1
SmartWorking.Office.Gui.g.en-US.resources:updatedeliverynote.baml,TextBox_3:System.Windows.Controls.TextBox.$Content,Text,True,True,,
SmartWorking.Office.Gui.g.en-US.resources:updatedeliverynote.baml,TextBox_3:System.Windows.Controls.Grid.Row,None,False,True,,2
SmartWorking.Office.Gui.g.en-US.resources:updatedeliverynote.baml,TextBox_3:System.Windows.Controls.Grid.Column,None,False,True,,1
SmartWorking.Office.Gui.g.en-US.resources:updatedeliverynote.baml,TextBox_4:System.Windows.Controls.TextBox.$Content,Text,True,True,,
SmartWorking.Office.Gui.g.en-US.resources:updatedeliverynote.baml,TextBox_4:System.Windows.Controls.Grid.Row,None,False,True,,3
SmartWorking.Office.Gui.g.en-US.resources:updatedeliverynote.baml,TextBox_4:System.Windows.Controls.Grid.Column,None,False,True,,1
SmartWorking.Office.Gui.g.en-US.resources:updatedeliverynote.baml,Grid_4:System.Windows.Controls.Grid.Column,None,False,True,,1
SmartWorking.Office.Gui.g.en-US.resources:updatedeliverynote.baml,TextBlock_5:System.Windows.Controls.TextBlock.$Content,Text,True,True,,
SmartWorking.Office.Gui.g.en-US.resources:updatedeliverynote.baml,TextBlock_5:System.Windows.Controls.TextBlock.Text,Text,True,True,,Miasto:
SmartWorking.Office.Gui.g.en-US.resources:updatedeliverynote.baml,TextBlock_6:System.Windows.Controls.TextBlock.$Content,Text,True,True,,
SmartWorking.Office.Gui.g.en-US.resources:updatedeliverynote.baml,TextBlock_6:System.Windows.Controls.TextBlock.Text,Text,True,True,,Ulica:
SmartWorking.Office.Gui.g.en-US.resources:updatedeliverynote.baml,TextBlock_6:System.Windows.Controls.Grid.Row,None,False,True,,1
SmartWorking.Office.Gui.g.en-US.resources:updatedeliverynote.baml,TextBlock_7:System.Windows.Controls.TextBlock.$Content,Text,True,True,,
SmartWorking.Office.Gui.g.en-US.resources:updatedeliverynote.baml,TextBlock_7:System.Windows.Controls.TextBlock.Text,Text,True,True,,Numer domu:
SmartWorking.Office.Gui.g.en-US.resources:updatedeliverynote.baml,TextBlock_7:System.Windows.Controls.Grid.Row,None,False,True,,2
SmartWorking.Office.Gui.g.en-US.resources:updatedeliverynote.baml,TextBox_5:System.Windows.Controls.TextBox.$Content,Text,True,True,,
SmartWorking.Office.Gui.g.en-US.resources:updatedeliverynote.baml,TextBox_5:System.Windows.FrameworkElement.MinWidth,None,False,True,,150
SmartWorking.Office.Gui.g.en-US.resources:updatedeliverynote.baml,TextBox_5:System.Windows.Controls.Grid.Column,None,False,True,,1
SmartWorking.Office.Gui.g.en-US.resources:updatedeliverynote.baml,TextBox_6:System.Windows.Controls.TextBox.$Content,Text,True,True,,
SmartWorking.Office.Gui.g.en-US.resources:updatedeliverynote.baml,TextBox_6:System.Windows.Controls.Grid.Row,None,False,True,,1
SmartWorking.Office.Gui.g.en-US.resources:updatedeliverynote.baml,TextBox_6:System.Windows.Controls.Grid.Column,None,False,True,,1
SmartWorking.Office.Gui.g.en-US.resources:updatedeliverynote.baml,TextBox_7:System.Windows.Controls.TextBox.$Content,Text,True,True,,
SmartWorking.Office.Gui.g.en-US.resources:updatedeliverynote.baml,TextBox_7:System.Windows.Controls.Grid.Row,None,False,True,,2
SmartWorking.Office.Gui.g.en-US.resources:updatedeliverynote.baml,TextBox_7:System.Windows.Controls.Grid.Column,None,False,True,,1
SmartWorking.Office.Gui.g.en-US.resources:updatedeliverynote.baml,GroupBox_2:System.Windows.Controls.GroupBox.$Content,None,False,True,,#StackPanel_2;
SmartWorking.Office.Gui.g.en-US.resources:updatedeliverynote.baml,GroupBox_2:System.Windows.Controls.Grid.Row,None,False,True,,1
SmartWorking.Office.Gui.g.en-US.resources:updatedeliverynote.baml,GroupBox_2:System.Windows.Controls.HeaderedContentControl.Header,Label,True,True,,Recepta
SmartWorking.Office.Gui.g.en-US.resources:updatedeliverynote.baml,Button_2:System.Windows.Controls.Button.$Content,Button,True,True,,
SmartWorking.Office.Gui.g.en-US.resources:updatedeliverynote.baml,Button_2:System.Windows.Controls.ContentControl.Content,Button,True,True,,Wybierz receptę
SmartWorking.Office.Gui.g.en-US.resources:updatedeliverynote.baml,GroupBox_3:System.Windows.Controls.GroupBox.$Content,None,False,True,,#StackPanel_3;
SmartWorking.Office.Gui.g.en-US.resources:updatedeliverynote.baml,GroupBox_3:System.Windows.Controls.Grid.Row,None,False,True,,2
SmartWorking.Office.Gui.g.en-US.resources:updatedeliverynote.baml,GroupBox_3:System.Windows.Controls.HeaderedContentControl.Header,Label,True,True,,Dostawa
SmartWorking.Office.Gui.g.en-US.resources:updatedeliverynote.baml,Button_3:System.Windows.Controls.Button.$Content,Button,True,True,,
SmartWorking.Office.Gui.g.en-US.resources:updatedeliverynote.baml,Button_3:System.Windows.Controls.ContentControl.Content,Button,True,True,,Wybierz samochód
SmartWorking.Office.Gui.g.en-US.resources:updatedeliverynote.baml,Button_4:System.Windows.Controls.Button.$Content,Button,True,True,,
SmartWorking.Office.Gui.g.en-US.resources:updatedeliverynote.baml,Button_4:System.Windows.Controls.ContentControl.Content,Button,True,True,,Wybierz kierowcę
SmartWorking.Office.Gui.g.en-US.resources:updatedeliverynote.baml,DatePicker_1:System.Windows.Controls.DatePicker.$Content,None,True,True,,
SmartWorking.Office.Gui.g.en-US.resources:updatedeliverynote.baml,DatePicker_1:System.Windows.Controls.DatePicker.Text,None,True,True,,Wybierz datę dostawy
SmartWorking.Office.Gui.g.en-US.resources:updatedeliverynote.baml,Border_1:System.Windows.Controls.Grid.Row,None,False,True,,3
SmartWorking.Office.Gui.g.en-US.resources:updatedeliverynote.baml,StackPanel_4:System.Windows.Controls.StackPanel.Orientation,None,False,True,,Horizontal
SmartWorking.Office.Gui.g.en-US.resources:updatedeliverynote.baml,StackPanel_4:System.Windows.Controls.Grid.Row,None,False,True,,4
SmartWorking.Office.Gui.g.en-US.resources:updatedeliverynote.baml,StackPanel_4:System.Windows.FrameworkElement.HorizontalAlignment,None,False,True,,Right
SmartWorking.Office.Gui.g.en-US.resources:updatedeliverynote.baml,Button_5:System.Windows.Controls.Button.$Content,Button,True,True,,
SmartWorking.Office.Gui.g.en-US.resources:updatedeliverynote.baml,Button_5:System.Windows.Controls.ContentControl.Content,Button,True,True,,Drukuj
SmartWorking.Office.Gui.g.en-US.resources:updatedeliverynote.baml,Button_6:System.Windows.Controls.Button.$Content,Button,True,True,,
SmartWorking.Office.Gui.g.en-US.resources:updatedeliverynote.baml,Button_6:System.Windows.Controls.ContentControl.Content,Button,True,True,,Anuluj
SmartWorking.Office.Gui.g.en-US.resources:updatebuilding.baml,UserControl_1:SmartWorking.Office.Gui.View.Contractors.UpdateBuilding.$Content,None,True,True,,#Grid_1;
SmartWorking.Office.Gui.g.en-US.resources:updatebuilding.baml,UserControl_1:System.Windows.FrameworkElement.Height,None,False,True,,106
SmartWorking.Office.Gui.g.en-US.resources:updatebuilding.baml,UserControl_1:System.Windows.FrameworkElement.Width,None,False,True,,309
SmartWorking.Office.Gui.g.en-US.resources:updatebuilding.baml,Grid_2:System.Windows.FrameworkElement.VerticalAlignment,None,False,True,,Top
SmartWorking.Office.Gui.g.en-US.resources:updatebuilding.baml,TextBlock_1:System.Windows.Controls.TextBlock.$Content,Text,True,True,,
SmartWorking.Office.Gui.g.en-US.resources:updatebuilding.baml,TextBlock_1:System.Windows.Controls.TextBlock.Text,Text,True,True,,Miasto:
SmartWorking.Office.Gui.g.en-US.resources:updatebuilding.baml,TextBlock_2:System.Windows.Controls.TextBlock.$Content,Text,True,True,,
SmartWorking.Office.Gui.g.en-US.resources:updatebuilding.baml,TextBlock_2:System.Windows.Controls.TextBlock.Text,Text,True,True,,Ulica:
SmartWorking.Office.Gui.g.en-US.resources:updatebuilding.baml,TextBlock_2:System.Windows.Controls.Grid.Row,None,False,True,,1
SmartWorking.Office.Gui.g.en-US.resources:updatebuilding.baml,TextBlock_3:System.Windows.Controls.TextBlock.$Content,Text,True,True,,
SmartWorking.Office.Gui.g.en-US.resources:updatebuilding.baml,TextBlock_3:System.Windows.Controls.TextBlock.Text,Text,True,True,,Numer domu:
SmartWorking.Office.Gui.g.en-US.resources:updatebuilding.baml,TextBlock_3:System.Windows.Controls.Grid.Row,None,False,True,,2
SmartWorking.Office.Gui.g.en-US.resources:updatebuilding.baml,TextBox_1:System.Windows.Controls.TextBox.$Content,Text,True,True,,
SmartWorking.Office.Gui.g.en-US.resources:updatebuilding.baml,TextBox_1:System.Windows.FrameworkElement.MinWidth,None,False,True,,150
SmartWorking.Office.Gui.g.en-US.resources:updatebuilding.baml,TextBox_1:System.Windows.Controls.Grid.Column,None,False,True,,1
SmartWorking.Office.Gui.g.en-US.resources:updatebuilding.baml,TextBox_2:System.Windows.Controls.TextBox.$Content,Text,True,True,,
SmartWorking.Office.Gui.g.en-US.resources:updatebuilding.baml,TextBox_2:System.Windows.Controls.Grid.Row,None,False,True,,1
SmartWorking.Office.Gui.g.en-US.resources:updatebuilding.baml,TextBox_2:System.Windows.Controls.Grid.Column,None,False,True,,1
SmartWorking.Office.Gui.g.en-US.resources:updatebuilding.baml,TextBox_3:System.Windows.Controls.TextBox.$Content,Text,True,True,,
SmartWorking.Office.Gui.g.en-US.resources:updatebuilding.baml,TextBox_3:System.Windows.Controls.Grid.Row,None,False,True,,2
SmartWorking.Office.Gui.g.en-US.resources:updatebuilding.baml,TextBox_3:System.Windows.Controls.Grid.Column,None,False,True,,1
SmartWorking.Office.Gui.g.en-US.resources:updatebuilding.baml,Border_1:System.Windows.Controls.Grid.Row,None,False,True,,1
SmartWorking.Office.Gui.g.en-US.resources:updatebuilding.baml,Border_1:System.Windows.Controls.Grid.ColumnSpan,None,False,True,,2
SmartWorking.Office.Gui.g.en-US.resources:updatebuilding.baml,StackPanel_1:System.Windows.Controls.StackPanel.Orientation,None,False,True,,Horizontal
SmartWorking.Office.Gui.g.en-US.resources:updatebuilding.baml,StackPanel_1:System.Windows.Controls.Grid.Row,None,False,True,,2
SmartWorking.Office.Gui.g.en-US.resources:updatebuilding.baml,StackPanel_1:System.Windows.Controls.Grid.ColumnSpan,None,False,True,,2
SmartWorking.Office.Gui.g.en-US.resources:updatebuilding.baml,StackPanel_1:System.Windows.FrameworkElement.HorizontalAlignment,None,False,True,,Right
SmartWorking.Office.Gui.g.en-US.resources:updatebuilding.baml,Button_1:System.Windows.Controls.Button.$Content,Button,True,True,,
SmartWorking.Office.Gui.g.en-US.resources:updatebuilding.baml,Button_1:System.Windows.Controls.ContentControl.Content,Button,True,True,,Zapisz
SmartWorking.Office.Gui.g.en-US.resources:updatebuilding.baml,Button_2:System.Windows.Controls.Button.$Content,Button,True,True,,
SmartWorking.Office.Gui.g.en-US.resources:updatebuilding.baml,Button_2:System.Windows.Controls.ContentControl.Content,Button,True,True,,Anuluj
SmartWorking.Office.Gui.g.en-US.resources:updaterecipe.baml,UserControl_1:SmartWorking.Office.Gui.View.Recipes.UpdateRecipe.$Content,None,True,True,,#Grid_1;
SmartWorking.Office.Gui.g.en-US.resources:updaterecipe.baml,UserControl_1:System.Windows.FrameworkElement.Height,None,False,True,,322
SmartWorking.Office.Gui.g.en-US.resources:updaterecipe.baml,UserControl_1:System.Windows.FrameworkElement.Width,None,False,True,,508
SmartWorking.Office.Gui.g.en-US.resources:updaterecipe.baml,View:ViewModeToTextConverter_1:SmartWorking.Office.Gui.View.ViewModeToTextConverter.$Content,None,True,True,,
SmartWorking.Office.Gui.g.en-US.resources:updaterecipe.baml,TextBlock_1:System.Windows.Controls.TextBlock.$Content,Text,True,True,,
SmartWorking.Office.Gui.g.en-US.resources:updaterecipe.baml,TextBlock_1:System.Windows.Controls.TextBlock.Text,Text,True,True,,Nazwa:
SmartWorking.Office.Gui.g.en-US.resources:updaterecipe.baml,TextBlock_2:System.Windows.Controls.TextBlock.$Content,Text,True,True,,
SmartWorking.Office.Gui.g.en-US.resources:updaterecipe.baml,TextBlock_2:System.Windows.Controls.TextBlock.Text,Text,True,True,,Skrót:
SmartWorking.Office.Gui.g.en-US.resources:updaterecipe.baml,TextBlock_2:System.Windows.Controls.Grid.Row,None,False,True,,1
SmartWorking.Office.Gui.g.en-US.resources:updaterecipe.baml,TextBox_1:System.Windows.Controls.TextBox.$Content,Text,True,True,,
SmartWorking.Office.Gui.g.en-US.resources:updaterecipe.baml,TextBox_1:System.Windows.FrameworkElement.MinWidth,None,False,True,,150
SmartWorking.Office.Gui.g.en-US.resources:updaterecipe.baml,TextBox_1:System.Windows.Controls.Grid.Column,None,False,True,,1
SmartWorking.Office.Gui.g.en-US.resources:updaterecipe.baml,TextBox_2:System.Windows.Controls.TextBox.$Content,Text,True,True,,
SmartWorking.Office.Gui.g.en-US.resources:updaterecipe.baml,TextBox_2:System.Windows.Controls.Grid.Row,None,False,True,,1
SmartWorking.Office.Gui.g.en-US.resources:updaterecipe.baml,TextBox_2:System.Windows.Controls.Grid.Column,None,False,True,,1
SmartWorking.Office.Gui.g.en-US.resources:updaterecipe.baml,Grid_3:System.Windows.Controls.Grid.Column,None,False,True,,1
SmartWorking.Office.Gui.g.en-US.resources:updaterecipe.baml,DataGrid_1:System.Windows.Controls.DataGrid.$Content,None,False,True,,
SmartWorking.Office.Gui.g.en-US.resources:updaterecipe.baml,DataGrid_1:System.Windows.Controls.DataGrid.SelectionMode,None,True,False,,Single
SmartWorking.Office.Gui.g.en-US.resources:updaterecipe.baml,DataGrid_1:System.Windows.Controls.DataGrid.CanUserAddRows,None,False,True,,False
SmartWorking.Office.Gui.g.en-US.resources:updaterecipe.baml,DataGrid_1:System.Windows.Controls.DataGrid.CanUserDeleteRows,None,False,True,,False
SmartWorking.Office.Gui.g.en-US.resources:updaterecipe.baml,DataGrid_1:System.Windows.Controls.DataGrid.CanUserReorderColumns,None,False,True,,False
SmartWorking.Office.Gui.g.en-US.resources:updaterecipe.baml,DataGrid_1:System.Windows.Controls.DataGrid.AutoGenerateColumns,None,False,True,,False
SmartWorking.Office.Gui.g.en-US.resources:updaterecipe.baml,DataGrid_1:System.Windows.Controls.DataGrid.IsReadOnly,None,False,True,,True
SmartWorking.Office.Gui.g.en-US.resources:updaterecipe.baml,DataGridTextColumn_1:System.Windows.Controls.DataGridTextColumn.$Content,None,True,True,,
SmartWorking.Office.Gui.g.en-US.resources:updaterecipe.baml,DataGridTextColumn_1:System.Windows.Controls.DataGridColumn.Header,None,True,True,,Id
SmartWorking.Office.Gui.g.en-US.resources:updaterecipe.baml,DataGridTextColumn_2:System.Windows.Controls.DataGridTextColumn.$Content,None,True,True,,
SmartWorking.Office.Gui.g.en-US.resources:updaterecipe.baml,DataGridTextColumn_2:System.Windows.Controls.DataGridColumn.Header,None,True,True,,Nazwa materiału
SmartWorking.Office.Gui.g.en-US.resources:updaterecipe.baml,DataGridTextColumn_3:System.Windows.Controls.DataGridTextColumn.$Content,None,True,True,,
SmartWorking.Office.Gui.g.en-US.resources:updaterecipe.baml,DataGridTextColumn_3:System.Windows.Controls.DataGridColumn.Header,None,True,True,,Ilość
SmartWorking.Office.Gui.g.en-US.resources:updaterecipe.baml,Border_1:System.Windows.Controls.Grid.Row,None,False,True,,1
SmartWorking.Office.Gui.g.en-US.resources:updaterecipe.baml,StackPanel_1:System.Windows.Controls.StackPanel.Orientation,None,False,True,,Horizontal
SmartWorking.Office.Gui.g.en-US.resources:updaterecipe.baml,StackPanel_1:System.Windows.Controls.Grid.Row,None,False,True,,2
SmartWorking.Office.Gui.g.en-US.resources:updaterecipe.baml,StackPanel_1:System.Windows.FrameworkElement.HorizontalAlignment,None,False,True,,Right
SmartWorking.Office.Gui.g.en-US.resources:updaterecipe.baml,Button_1:System.Windows.Controls.Button.$Content,Button,True,True,,
SmartWorking.Office.Gui.g.en-US.resources:updaterecipe.baml,Button_1:System.Windows.Controls.ContentControl.Content,Button,True,True,,Dodaj materiał
SmartWorking.Office.Gui.g.en-US.resources:updaterecipe.baml,Button_2:System.Windows.Controls.Button.$Content,Button,True,True,,
SmartWorking.Office.Gui.g.en-US.resources:updaterecipe.baml,Button_2:System.Windows.Controls.ContentControl.Content,Button,True,True,,Edytuj materiał
SmartWorking.Office.Gui.g.en-US.resources:updaterecipe.baml,Button_3:System.Windows.Controls.Button.$Content,Button,True,True,,
SmartWorking.Office.Gui.g.en-US.resources:updaterecipe.baml,Button_3:System.Windows.Controls.ContentControl.Content,Button,True,True,,Usuń materiał
SmartWorking.Office.Gui.g.en-US.resources:updaterecipe.baml,Border_2:System.Windows.Controls.Grid.Row,None,False,True,,1
SmartWorking.Office.Gui.g.en-US.resources:updaterecipe.baml,Border_2:System.Windows.Controls.Grid.ColumnSpan,None,False,True,,2
SmartWorking.Office.Gui.g.en-US.resources:updaterecipe.baml,StackPanel_2:System.Windows.Controls.StackPanel.Orientation,None,False,True,,Horizontal
SmartWorking.Office.Gui.g.en-US.resources:updaterecipe.baml,StackPanel_2:System.Windows.Controls.Grid.Row,None,False,True,,2
SmartWorking.Office.Gui.g.en-US.resources:updaterecipe.baml,StackPanel_2:System.Windows.Controls.Grid.ColumnSpan,None,False,True,,2
SmartWorking.Office.Gui.g.en-US.resources:updaterecipe.baml,StackPanel_2:System.Windows.FrameworkElement.HorizontalAlignment,None,False,True,,Right
SmartWorking.Office.Gui.g.en-US.resources:updaterecipe.baml,Button_4:System.Windows.Controls.Button.$Content,Button,True,True,,
SmartWorking.Office.Gui.g.en-US.resources:updaterecipe.baml,Button_5:System.Windows.Controls.Button.$Content,Button,True,True,,
SmartWorking.Office.Gui.g.en-US.resources:updaterecipe.baml,Button_5:System.Windows.Controls.ContentControl.Content,Button,True,True,,Anuluj
SmartWorking.Office.Gui.g.en-US.resources:defaultskin.baml,BitmapImage_1:System.Windows.Media.Imaging.BitmapImage.$Content,None,False,True,,
SmartWorking.Office.Gui.g.en-US.resources:defaultskin.baml,BitmapImage_1:System.Windows.Media.Imaging.BitmapImage.UriSource,None,True,False,,Media/Building.png
SmartWorking.Office.Gui.g.en-US.resources:defaultskin.baml,BitmapImage_2:System.Windows.Media.Imaging.BitmapImage.$Content,None,False,True,,
SmartWorking.Office.Gui.g.en-US.resources:defaultskin.baml,BitmapImage_2:System.Windows.Media.Imaging.BitmapImage.UriSource,None,True,False,,Media/Car.png
SmartWorking.Office.Gui.g.en-US.resources:defaultskin.baml,BitmapImage_3:System.Windows.Media.Imaging.BitmapImage.$Content,None,False,True,,
SmartWorking.Office.Gui.g.en-US.resources:defaultskin.baml,BitmapImage_3:System.Windows.Media.Imaging.BitmapImage.UriSource,None,True,False,,Media/Contractor.png
SmartWorking.Office.Gui.g.en-US.resources:defaultskin.baml,BitmapImage_4:System.Windows.Media.Imaging.BitmapImage.$Content,None,False,True,,
SmartWorking.Office.Gui.g.en-US.resources:defaultskin.baml,BitmapImage_4:System.Windows.Media.Imaging.BitmapImage.UriSource,None,True,False,,Media/DeliveryNote.png
SmartWorking.Office.Gui.g.en-US.resources:defaultskin.baml,BitmapImage_5:System.Windows.Media.Imaging.BitmapImage.$Content,None,False,True,,
SmartWorking.Office.Gui.g.en-US.resources:defaultskin.baml,BitmapImage_5:System.Windows.Media.Imaging.BitmapImage.UriSource,None,True,False,,Media/Driver.png
SmartWorking.Office.Gui.g.en-US.resources:defaultskin.baml,BitmapImage_6:System.Windows.Media.Imaging.BitmapImage.$Content,None,False,True,,
SmartWorking.Office.Gui.g.en-US.resources:defaultskin.baml,BitmapImage_6:System.Windows.Media.Imaging.BitmapImage.UriSource,None,True,False,,Media/Material.png
SmartWorking.Office.Gui.g.en-US.resources:defaultskin.baml,BitmapImage_7:System.Windows.Media.Imaging.BitmapImage.$Content,None,False,True,,
SmartWorking.Office.Gui.g.en-US.resources:defaultskin.baml,BitmapImage_7:System.Windows.Media.Imaging.BitmapImage.UriSource,None,True,False,,Media/MaterialStock.png
SmartWorking.Office.Gui.g.en-US.resources:defaultskin.baml,BitmapImage_8:System.Windows.Media.Imaging.BitmapImage.$Content,None,False,True,,
SmartWorking.Office.Gui.g.en-US.resources:defaultskin.baml,BitmapImage_8:System.Windows.Media.Imaging.BitmapImage.UriSource,None,True,False,,Media/Recipe.png
SmartWorking.Office.Gui.g.en-US.resources:defaultskin.baml,BitmapImage_9:System.Windows.Media.Imaging.BitmapImage.$Content,None,False,True,,
SmartWorking.Office.Gui.g.en-US.resources:defaultskin.baml,BitmapImage_9:System.Windows.Media.Imaging.BitmapImage.UriSource,None,True,False,,Media/Cancel.png
SmartWorking.Office.Gui.g.en-US.resources:defaultskin.baml,BitmapImage_10:System.Windows.Media.Imaging.BitmapImage.$Content,None,False,True,,
SmartWorking.Office.Gui.g.en-US.resources:defaultskin.baml,BitmapImage_10:System.Windows.Media.Imaging.BitmapImage.UriSource,None,True,False,,Media/New.png
SmartWorking.Office.Gui.g.en-US.resources:defaultskin.baml,BitmapImage_11:System.Windows.Media.Imaging.BitmapImage.$Content,None,False,True,,
SmartWorking.Office.Gui.g.en-US.resources:defaultskin.baml,BitmapImage_11:System.Windows.Media.Imaging.BitmapImage.UriSource,None,True,False,,Media/Update.png
SmartWorking.Office.Gui.g.en-US.resources:defaultskin.baml,BitmapImage_12:System.Windows.Media.Imaging.BitmapImage.$Content,None,False,True,,
SmartWorking.Office.Gui.g.en-US.resources:defaultskin.baml,BitmapImage_12:System.Windows.Media.Imaging.BitmapImage.UriSource,None,True,False,,Media/Delete.png
SmartWorking.Office.Gui.g.en-US.resources:defaultskin.baml,BitmapImage_13:System.Windows.Media.Imaging.BitmapImage.$Content,None,False,True,,
SmartWorking.Office.Gui.g.en-US.resources:defaultskin.baml,BitmapImage_13:System.Windows.Media.Imaging.BitmapImage.UriSource,None,True,False,,Media/Chose.png
SmartWorking.Office.Gui.g.en-US.resources:defaultskin.baml,BitmapImage_Help:System.Windows.Media.Imaging.BitmapImage.$Content,None,False,True,,
SmartWorking.Office.Gui.g.en-US.resources:defaultskin.baml,BitmapImage_Help:System.Windows.Media.Imaging.BitmapImage.UriSource,None,True,False,,Media/Help.png
SmartWorking.Office.Gui.g.en-US.resources:defaultskin.baml,BitmapImage_Raport:System.Windows.Media.Imaging.BitmapImage.$Content,None,False,True,,
SmartWorking.Office.Gui.g.en-US.resources:defaultskin.baml,BitmapImage_Raport:System.Windows.Media.Imaging.BitmapImage.UriSource,None,True,False,,Media/Raport.png
SmartWorking.Office.Gui.g.en-US.resources:defaultskin.baml,BitmapImage_Save:System.Windows.Media.Imaging.BitmapImage.$Content,None,False,True,,
SmartWorking.Office.Gui.g.en-US.resources:defaultskin.baml,BitmapImage_Save:System.Windows.Media.Imaging.BitmapImage.UriSource,None,True,False,,Media/Save.png
SmartWorking.Office.Gui.g.en-US.resources:defaultskin.baml,BitmapImage_Search:System.Windows.Media.Imaging.BitmapImage.$Content,None,False,True,,
SmartWorking.Office.Gui.g.en-US.resources:defaultskin.baml,BitmapImage_Search:System.Windows.Media.Imaging.BitmapImage.UriSource,None,True,False,,Media/Search.png
SmartWorking.Office.Gui.g.en-US.resources:defaultskin.baml,Setter_1:System.Windows.Setter.Property,None,False,False,,FrameworkElement.Height
SmartWorking.Office.Gui.g.en-US.resources:defaultskin.baml,Setter_1:System.Windows.Setter.Value,None,False,True,,600
SmartWorking.Office.Gui.g.en-US.resources:defaultskin.baml,Setter_2:System.Windows.Setter.Property,None,False,False,,FrameworkElement.Width
SmartWorking.Office.Gui.g.en-US.resources:defaultskin.baml,Setter_2:System.Windows.Setter.Value,None,False,True,,800
SmartWorking.Office.Gui.g.en-US.resources:defaultskin.baml,Setter_3:System.Windows.Setter.Property,None,False,False,,FrameworkElement.Margin
SmartWorking.Office.Gui.g.en-US.resources:defaultskin.baml,Setter_3:System.Windows.Setter.Value,None,False,True,,3
SmartWorking.Office.Gui.g.en-US.resources:defaultskin.baml,Setter_4:System.Windows.Setter.Property,None,False,False,,FrameworkElement.Margin
SmartWorking.Office.Gui.g.en-US.resources:defaultskin.baml,Setter_4:System.Windows.Setter.Value,None,False,True,,3
SmartWorking.Office.Gui.g.en-US.resources:defaultskin.baml,Setter_5:System.Windows.Setter.Property,None,False,False,,DataGrid.SelectionMode
SmartWorking.Office.Gui.g.en-US.resources:defaultskin.baml,Setter_5:System.Windows.Setter.Value,None,False,True,,Single
SmartWorking.Office.Gui.g.en-US.resources:defaultskin.baml,Setter_6:System.Windows.Setter.Property,None,False,False,,FrameworkElement.Margin
SmartWorking.Office.Gui.g.en-US.resources:defaultskin.baml,Setter_6:System.Windows.Setter.Value,None,False,True,,1
SmartWorking.Office.Gui.g.en-US.resources:defaultskin.baml,Setter_7:System.Windows.Setter.Property,None,False,False,,DataGrid.CanUserResizeRows
SmartWorking.Office.Gui.g.en-US.resources:defaultskin.baml,Setter_7:System.Windows.Setter.Value,None,False,True,,False
SmartWorking.Office.Gui.g.en-US.resources:defaultskin.baml,Setter_8:System.Windows.Setter.Property,None,False,False,,DataGrid.RowHeight
SmartWorking.Office.Gui.g.en-US.resources:defaultskin.baml,Setter_8:System.Windows.Setter.Value,None,False,True,,30
SmartWorking.Office.Gui.g.en-US.resources:defaultskin.baml,Setter_9:System.Windows.Setter.Property,None,False,False,,DataGrid.CanUserAddRows
SmartWorking.Office.Gui.g.en-US.resources:defaultskin.baml,Setter_9:System.Windows.Setter.Value,None,False,True,,False
SmartWorking.Office.Gui.g.en-US.resources:defaultskin.baml,Setter_10:System.Windows.Setter.Property,None,False,False,,DataGrid.CanUserDeleteRows
SmartWorking.Office.Gui.g.en-US.resources:defaultskin.baml,Setter_10:System.Windows.Setter.Value,None,False,True,,False
SmartWorking.Office.Gui.g.en-US.resources:defaultskin.baml,Setter_11:System.Windows.Setter.Property,None,False,False,,DataGrid.CanUserReorderColumns
SmartWorking.Office.Gui.g.en-US.resources:defaultskin.baml,Setter_11:System.Windows.Setter.Value,None,False,True,,False
SmartWorking.Office.Gui.g.en-US.resources:defaultskin.baml,Setter_12:System.Windows.Setter.Property,None,False,False,,DataGrid.AutoGenerateColumns
SmartWorking.Office.Gui.g.en-US.resources:defaultskin.baml,Setter_12:System.Windows.Setter.Value,None,False,True,,False
SmartWorking.Office.Gui.g.en-US.resources:defaultskin.baml,Setter_13:System.Windows.Setter.Property,None,False,False,,DataGrid.IsReadOnly
SmartWorking.Office.Gui.g.en-US.resources:defaultskin.baml,Setter_13:System.Windows.Setter.Value,None,False,True,,True
SmartWorking.Office.Gui.g.en-US.resources:defaultskin.baml,Setter_14:System.Windows.Setter.Property,None,False,False,,TextElement.FontSize
SmartWorking.Office.Gui.g.en-US.resources:defaultskin.baml,Setter_14:System.Windows.Setter.Value,None,False,True,,18
SmartWorking.Office.Gui.g.en-US.resources:defaultskin.baml,Setter_15:System.Windows.Setter.Property,None,False,False,,TextElement.FontSize
SmartWorking.Office.Gui.g.en-US.resources:defaultskin.baml,Setter_15:System.Windows.Setter.Value,None,False,True,,15
SmartWorking.Office.Gui.g.en-US.resources:defaultskin.baml,Setter_16:System.Windows.Setter.Property,None,False,False,,FrameworkElement.Margin
SmartWorking.Office.Gui.g.en-US.resources:defaultskin.baml,Setter_16:System.Windows.Setter.Value,None,False,True,,2
SmartWorking.Office.Gui.g.en-US.resources:defaultskin.baml,Setter_17:System.Windows.Setter.Property,None,False,False,,TextElement.FontSize
SmartWorking.Office.Gui.g.en-US.resources:defaultskin.baml,Setter_17:System.Windows.Setter.Value,None,False,True,,16
SmartWorking.Office.Gui.g.en-US.resources:defaultskin.baml,Setter_18:System.Windows.Setter.Property,None,False,False,,FrameworkElement.Margin
SmartWorking.Office.Gui.g.en-US.resources:defaultskin.baml,Setter_18:System.Windows.Setter.Value,None,False,True,,3
SmartWorking.Office.Gui.g.en-US.resources:defaultskin.baml,Setter_19:System.Windows.Setter.Property,None,False,False,,Control.Padding
SmartWorking.Office.Gui.g.en-US.resources:defaultskin.baml,Setter_19:System.Windows.Setter.Value,None,False,True,,1
SmartWorking.Office.Gui.g.en-US.resources:defaultskin.baml,Setter_20:System.Windows.Setter.Property,None,False,False,,FrameworkElement.Height
SmartWorking.Office.Gui.g.en-US.resources:defaultskin.baml,Setter_20:System.Windows.Setter.Value,None,False,True,,550
SmartWorking.Office.Gui.g.en-US.resources:defaultskin.baml,Setter_21:System.Windows.Setter.Property,None,False,False,,FrameworkElement.Width
SmartWorking.Office.Gui.g.en-US.resources:defaultskin.baml,Setter_21:System.Windows.Setter.Value,None,False,True,,470
SmartWorking.Office.Gui.g.en-US.resources:defaultskin.baml,Setter_22:System.Windows.Setter.Property,None,False,False,,FrameworkElement.Height
SmartWorking.Office.Gui.g.en-US.resources:defaultskin.baml,Setter_22:System.Windows.Setter.Value,None,False,True,,450
SmartWorking.Office.Gui.g.en-US.resources:defaultskin.baml,Setter_23:System.Windows.Setter.Property,None,False,False,,FrameworkElement.Width
SmartWorking.Office.Gui.g.en-US.resources:defaultskin.baml,Setter_23:System.Windows.Setter.Value,None,False,True,,450
SmartWorking.Office.Gui.g.en-US.resources:defaultskin.baml,Setter_24:System.Windows.Setter.Property,None,False,False,,TextElement.FontSize
SmartWorking.Office.Gui.g.en-US.resources:defaultskin.baml,Setter_24:System.Windows.Setter.Value,None,False,True,,24
SmartWorking.Office.Gui.g.en-US.resources:defaultskin.baml,Setter_25:System.Windows.Setter.Property,None,False,False,,TextElement.FontSize
SmartWorking.Office.Gui.g.en-US.resources:defaultskin.baml,Setter_25:System.Windows.Setter.Value,None,False,True,,18
SmartWorking.Office.Gui.g.en-US.resources:defaultskin.baml,Setter_26:System.Windows.Setter.Property,None,False,False,,Border.BorderBrush
SmartWorking.Office.Gui.g.en-US.resources:defaultskin.baml,Setter_26:System.Windows.Setter.Value,None,False,True,,\#FF808080
SmartWorking.Office.Gui.g.en-US.resources:defaultskin.baml,Setter_27:System.Windows.Setter.Property,None,False,False,,Border.BorderThickness
SmartWorking.Office.Gui.g.en-US.resources:defaultskin.baml,Setter_27:System.Windows.Setter.Value,None,False,True,,1
SmartWorking.Office.Gui.g.en-US.resources:defaultskin.baml,Setter_28:System.Windows.Setter.Property,None,False,False,,FrameworkElement.Height
SmartWorking.Office.Gui.g.en-US.resources:defaultskin.baml,Setter_28:System.Windows.Setter.Value,None,False,True,,70
SmartWorking.Office.Gui.g.en-US.resources:defaultskin.baml,Setter_29:System.Windows.Setter.Property,None,False,False,,UIElement.Opacity
SmartWorking.Office.Gui.g.en-US.resources:defaultskin.baml,Setter_29:System.Windows.Setter.Value,None,False,True,,0.6
SmartWorking.Office.Gui.g.en-US.resources:defaultskin.baml,Setter_30:System.Windows.Setter.Property,None,False,False,,FrameworkElement.Margin
SmartWorking.Office.Gui.g.en-US.resources:defaultskin.baml,Setter_30:System.Windows.Setter.Value,None,False,True,,3
SmartWorking.Office.Gui.g.en-US.resources:defaultskin.baml,Setter_31:System.Windows.Setter.Property,None,False,False,,Control.Template
SmartWorking.Office.Gui.g.en-US.resources:defaultskin.baml,ControlTemplate_1:System.Windows.Controls.ControlTemplate.$Content,None,False,True,,#Button_1;
SmartWorking.Office.Gui.g.en-US.resources:defaultskin.baml,Button_1:System.Windows.Controls.Button.$Content,Button,True,True,,#Grid_1;
SmartWorking.Office.Gui.g.en-US.resources:defaultskin.baml,Button_1:System.Windows.Controls.Control.HorizontalContentAlignment,None,False,True,,Stretch
SmartWorking.Office.Gui.g.en-US.resources:defaultskin.baml,Grid_1:System.Windows.FrameworkElement.Height,None,False,True,,62
SmartWorking.Office.Gui.g.en-US.resources:defaultskin.baml,Grid_1:System.Windows.FrameworkElement.HorizontalAlignment,None,False,True,,Stretch
SmartWorking.Office.Gui.g.en-US.resources:defaultskin.baml,Border_1:System.Windows.Controls.Grid.RowSpan,None,False,True,,2
SmartWorking.Office.Gui.g.en-US.resources:defaultskin.baml,Border_1:System.Windows.Controls.Border.BorderBrush,None,False,True,,\#FF000000
SmartWorking.Office.Gui.g.en-US.resources:defaultskin.baml,Border_1:System.Windows.Controls.Border.BorderThickness,None,False,True,,1
SmartWorking.Office.Gui.g.en-US.resources:defaultskin.baml,Border_1:System.Windows.FrameworkElement.Margin,None,False,True,,5
SmartWorking.Office.Gui.g.en-US.resources:defaultskin.baml,Border_1:System.Windows.Controls.Border.Padding,None,False,True,,1
SmartWorking.Office.Gui.g.en-US.resources:defaultskin.baml,Image_1:System.Windows.Controls.Image.$Content,None,False,True,,
SmartWorking.Office.Gui.g.en-US.resources:defaultskin.baml,Image_1:System.Windows.Controls.Image.Stretch,None,True,False,,Fill
SmartWorking.Office.Gui.g.en-US.resources:defaultskin.baml,Image_1:System.Windows.FrameworkElement.HorizontalAlignment,None,False,True,,Left
SmartWorking.Office.Gui.g.en-US.resources:defaultskin.baml,Image_1:System.Windows.FrameworkElement.VerticalAlignment,None,False,True,,Top
SmartWorking.Office.Gui.g.en-US.resources:defaultskin.baml,TextBlock_1:System.Windows.Controls.TextBlock.$Content,Text,True,True,,
SmartWorking.Office.Gui.g.en-US.resources:defaultskin.baml,TextBlock_1:System.Windows.Controls.TextBlock.TextWrapping,None,False,True,,Wrap
SmartWorking.Office.Gui.g.en-US.resources:defaultskin.baml,TextBlock_1:System.Windows.Controls.TextBlock.FontSize,None,True,True,,21.333
SmartWorking.Office.Gui.g.en-US.resources:defaultskin.baml,TextBlock_1:System.Windows.Controls.TextBlock.Foreground,None,False,True,,\#FF1C3840
SmartWorking.Office.Gui.g.en-US.resources:defaultskin.baml,TextBlock_1:System.Windows.FrameworkElement.VerticalAlignment,None,False,True,,Top
SmartWorking.Office.Gui.g.en-US.resources:defaultskin.baml,TextBlock_1:System.Windows.Controls.Grid.Column,None,False,True,,1
SmartWorking.Office.Gui.g.en-US.resources:defaultskin.baml,TextBlock_2:System.Windows.Controls.TextBlock.$Content,Text,True,True,,
SmartWorking.Office.Gui.g.en-US.resources:defaultskin.baml,TextBlock_2:System.Windows.Controls.TextBlock.TextWrapping,None,False,True,,Wrap
SmartWorking.Office.Gui.g.en-US.resources:defaultskin.baml,TextBlock_2:System.Windows.Controls.TextBlock.FontSize,None,True,True,,16
SmartWorking.Office.Gui.g.en-US.resources:defaultskin.baml,TextBlock_2:System.Windows.Controls.Grid.Row,None,False,True,,1
SmartWorking.Office.Gui.g.en-US.resources:defaultskin.baml,TextBlock_2:System.Windows.Controls.Grid.Column,None,False,True,,1
SmartWorking.Office.Gui.g.en-US.resources:defaultskin.baml,Trigger_1:System.Windows.Trigger.$Content,None,False,True,,#Setter_32;#Setter_33;#Setter_34;
SmartWorking.Office.Gui.g.en-US.resources:defaultskin.baml,Trigger_1:System.Windows.Trigger.Property,None,False,False,,UIElement.IsMouseOver
SmartWorking.Office.Gui.g.en-US.resources:defaultskin.baml,Trigger_1:System.Windows.Trigger.Value,None,False,True,,True
SmartWorking.Office.Gui.g.en-US.resources:defaultskin.baml,Setter_32:System.Windows.Setter.Property,None,False,False,,Border.BorderBrush
SmartWorking.Office.Gui.g.en-US.resources:defaultskin.baml,Setter_32:System.Windows.Setter.Value,None,False,True,,\#FF000000
SmartWorking.Office.Gui.g.en-US.resources:defaultskin.baml,Setter_33:System.Windows.Setter.Property,None,False,False,,Border.BorderThickness
SmartWorking.Office.Gui.g.en-US.resources:defaultskin.baml,Setter_33:System.Windows.Setter.Value,None,False,True,,6
SmartWorking.Office.Gui.g.en-US.resources:defaultskin.baml,Setter_34:System.Windows.Setter.Property,None,False,False,,UIElement.Opacity
SmartWorking.Office.Gui.g.en-US.resources:defaultskin.baml,Setter_34:System.Windows.Setter.Value,None,False,True,,1
SmartWorking.Office.Gui.g.en-US.resources:defaultskin.baml,Setter_35:System.Windows.Setter.Property,None,False,False,,Control.Template
SmartWorking.Office.Gui.g.en-US.resources:defaultskin.baml,ControlTemplate_2:System.Windows.Controls.ControlTemplate.$Content,None,False,True,,#StackPanel_1;
SmartWorking.Office.Gui.g.en-US.resources:defaultskin.baml,StackPanel_1:System.Windows.Controls.StackPanel.Orientation,None,False,True,,Horizontal
SmartWorking.Office.Gui.g.en-US.resources:defaultskin.baml,Border_2:System.Windows.Controls.Grid.RowSpan,None,False,True,,2
SmartWorking.Office.Gui.g.en-US.resources:defaultskin.baml,Border_2:System.Windows.Controls.Border.BorderBrush,None,False,True,,\#FF000000
SmartWorking.Office.Gui.g.en-US.resources:defaultskin.baml,Border_2:System.Windows.Controls.Border.BorderThickness,None,False,True,,1
SmartWorking.Office.Gui.g.en-US.resources:defaultskin.baml,Border_2:System.Windows.FrameworkElement.Margin,None,False,True,,2
SmartWorking.Office.Gui.g.en-US.resources:defaultskin.baml,Border_2:System.Windows.Controls.Border.Padding,None,False,True,,1
SmartWorking.Office.Gui.g.en-US.resources:defaultskin.baml,Image_2:System.Windows.Controls.Image.$Content,None,False,True,,
SmartWorking.Office.Gui.g.en-US.resources:defaultskin.baml,Image_2:System.Windows.Controls.Image.Stretch,None,True,False,,Fill
SmartWorking.Office.Gui.g.en-US.resources:defaultskin.baml,Image_2:System.Windows.FrameworkElement.HorizontalAlignment,None,False,True,,Left
SmartWorking.Office.Gui.g.en-US.resources:defaultskin.baml,Image_2:System.Windows.FrameworkElement.VerticalAlignment,None,False,True,,Top
SmartWorking.Office.Gui.g.en-US.resources:defaultskin.baml,Label_1:System.Windows.Controls.Label.$Content,Label,True,True,,
SmartWorking.Office.Gui.g.en-US.resources:defaultskin.baml,Label_1:System.Windows.Controls.Control.VerticalContentAlignment,None,False,True,,Center
SmartWorking.Office.Gui.g.en-US.resources:modaldialoghelperwindow.baml,Window_1:SmartWorking.Office.Gui.View.ModalDialogHelperWindow.$Content,None,True,True,,
SmartWorking.Office.Gui.g.en-US.resources:managematerials.baml,UserControl_1:SmartWorking.Office.Gui.View.Materials.ManageMaterials.$Content,None,True,True,,#Grid_1;
SmartWorking.Office.Gui.g.en-US.resources:managematerials.baml,RowDefinition_1:System.Windows.Controls.RowDefinition.MinHeight,None,False,True,,200
SmartWorking.Office.Gui.g.en-US.resources:managematerials.baml,DataGrid_1:System.Windows.Controls.DataGrid.$Content,None,False,True,,
SmartWorking.Office.Gui.g.en-US.resources:managematerials.baml,DataGrid_1:System.Windows.Controls.DataGrid.SelectionMode,None,True,False,,Single
SmartWorking.Office.Gui.g.en-US.resources:managematerials.baml,DataGrid_1:System.Windows.Controls.DataGrid.CanUserAddRows,None,False,True,,False
SmartWorking.Office.Gui.g.en-US.resources:managematerials.baml,DataGrid_1:System.Windows.Controls.DataGrid.CanUserDeleteRows,None,False,True,,False
SmartWorking.Office.Gui.g.en-US.resources:managematerials.baml,DataGrid_1:System.Windows.Controls.DataGrid.CanUserReorderColumns,None,False,True,,False
SmartWorking.Office.Gui.g.en-US.resources:managematerials.baml,DataGrid_1:System.Windows.Controls.DataGrid.AutoGenerateColumns,None,False,True,,False
SmartWorking.Office.Gui.g.en-US.resources:managematerials.baml,DataGrid_1:System.Windows.Controls.DataGrid.IsReadOnly,None,False,True,,True
SmartWorking.Office.Gui.g.en-US.resources:managematerials.baml,DataGridTextColumn_1:System.Windows.Controls.DataGridTextColumn.$Content,None,True,True,,
SmartWorking.Office.Gui.g.en-US.resources:managematerials.baml,DataGridTextColumn_1:System.Windows.Controls.DataGridColumn.Header,None,True,True,,Id
SmartWorking.Office.Gui.g.en-US.resources:managematerials.baml,DataGridTextColumn_2:System.Windows.Controls.DataGridTextColumn.$Content,None,True,True,,
SmartWorking.Office.Gui.g.en-US.resources:managematerials.baml,DataGridTextColumn_2:System.Windows.Controls.DataGridColumn.Header,None,True,True,,Nazwa
SmartWorking.Office.Gui.g.en-US.resources:managematerials.baml,DataGridTextColumn_3:System.Windows.Controls.DataGridTextColumn.$Content,None,True,True,,
SmartWorking.Office.Gui.g.en-US.resources:managematerials.baml,DataGridTextColumn_3:System.Windows.Controls.DataGridColumn.Header,None,True,True,,Skrót
SmartWorking.Office.Gui.g.en-US.resources:managematerials.baml,Border_1:System.Windows.Controls.Grid.Row,None,False,True,,1
SmartWorking.Office.Gui.g.en-US.resources:managematerials.baml,Border_1:System.Windows.Controls.Grid.ColumnSpan,None,False,True,,2
SmartWorking.Office.Gui.g.en-US.resources:managematerials.baml,Grid_2:System.Windows.Controls.Grid.Row,None,False,True,,2
SmartWorking.Office.Gui.g.en-US.resources:managematerials.baml,StackPanel_1:System.Windows.Controls.StackPanel.Orientation,None,False,True,,Horizontal
SmartWorking.Office.Gui.g.en-US.resources:managematerials.baml,StackPanel_1:System.Windows.Controls.Grid.Column,None,False,True,,0
SmartWorking.Office.Gui.g.en-US.resources:managematerials.baml,StackPanel_1:System.Windows.FrameworkElement.HorizontalAlignment,None,False,True,,Left
SmartWorking.Office.Gui.g.en-US.resources:managematerials.baml,Button_1:System.Windows.Controls.Button.$Content,Button,True,True,,
SmartWorking.Office.Gui.g.en-US.resources:managematerials.baml,Button_1:System.Windows.Controls.ContentControl.Content,Button,True,True,,Utwórz material
SmartWorking.Office.Gui.g.en-US.resources:managematerials.baml,StackPanel_2:System.Windows.Controls.StackPanel.Orientation,None,False,True,,Horizontal
SmartWorking.Office.Gui.g.en-US.resources:managematerials.baml,StackPanel_2:System.Windows.Controls.Grid.Column,None,False,True,,1
SmartWorking.Office.Gui.g.en-US.resources:managematerials.baml,StackPanel_2:System.Windows.FrameworkElement.HorizontalAlignment,None,False,True,,Right
SmartWorking.Office.Gui.g.en-US.resources:managematerials.baml,Button_2:System.Windows.Controls.Button.$Content,Button,True,True,,
SmartWorking.Office.Gui.g.en-US.resources:managematerials.baml,Button_2:System.Windows.Controls.ContentControl.Content,Button,True,True,,Wybierz
SmartWorking.Office.Gui.g.en-US.resources:managematerials.baml,Button_3:System.Windows.Controls.Button.$Content,Button,True,True,,
SmartWorking.Office.Gui.g.en-US.resources:managematerials.baml,Button_3:System.Windows.Controls.ContentControl.Content,Button,True,True,,Anuluj
SmartWorking.Office.Gui.g.en-US.resources:updatecontractor.baml,UserControl_1:SmartWorking.Office.Gui.View.Contractors.UpdateContractor.$Content,None,True,True,,#Grid_1;
SmartWorking.Office.Gui.g.en-US.resources:updatecontractor.baml,View:ViewModeToTextConverter_1:SmartWorking.Office.Gui.View.ViewModeToTextConverter.$Content,None,True,True,,
SmartWorking.Office.Gui.g.en-US.resources:updatecontractor.baml,Shared:PanelLabel_1:SmartWorking.Office.Gui.View.Shared.PanelLabel.$Content,None,True,True,,Kontrahent
SmartWorking.Office.Gui.g.en-US.resources:updatecontractor.baml,GroupBox_1:System.Windows.Controls.GroupBox.$Content,None,False,True,,#StackPanel_1;
SmartWorking.Office.Gui.g.en-US.resources:updatecontractor.baml,GroupBox_1:System.Windows.Controls.HeaderedContentControl.Header,Label,True,True,,Kontrahent
SmartWorking.Office.Gui.g.en-US.resources:updatecontractor.baml,GroupBox_1:System.Windows.Controls.Grid.Row,None,False,True,,1
SmartWorking.Office.Gui.g.en-US.resources:updatecontractor.baml,Label_1:System.Windows.Controls.Label.$Content,Label,True,True,,
SmartWorking.Office.Gui.g.en-US.resources:updatecontractor.baml,Label_1:System.Windows.Controls.ContentControl.Content,Label,True,True,,Id:
SmartWorking.Office.Gui.g.en-US.resources:updatecontractor.baml,Label_1:System.Windows.Controls.Grid.Row,None,False,True,,0
SmartWorking.Office.Gui.g.en-US.resources:updatecontractor.baml,Label_2:System.Windows.Controls.Label.$Content,Label,True,True,,
SmartWorking.Office.Gui.g.en-US.resources:updatecontractor.baml,Label_2:System.Windows.Controls.ContentControl.Content,Label,True,True,,Pełna nazwa:
SmartWorking.Office.Gui.g.en-US.resources:updatecontractor.baml,Label_2:System.Windows.Controls.Grid.Row,None,False,True,,1
SmartWorking.Office.Gui.g.en-US.resources:updatecontractor.baml,Label_3:System.Windows.Controls.Label.$Content,Label,True,True,,
SmartWorking.Office.Gui.g.en-US.resources:updatecontractor.baml,Label_3:System.Windows.Controls.ContentControl.Content,Label,True,True,,Nazwisko:
SmartWorking.Office.Gui.g.en-US.resources:updatecontractor.baml,Label_3:System.Windows.Controls.Grid.Row,None,False,True,,2
SmartWorking.Office.Gui.g.en-US.resources:updatecontractor.baml,Label_4:System.Windows.Controls.Label.$Content,Label,True,True,,
SmartWorking.Office.Gui.g.en-US.resources:updatecontractor.baml,Label_4:System.Windows.Controls.ContentControl.Content,Label,True,True,,Imię:
SmartWorking.Office.Gui.g.en-US.resources:updatecontractor.baml,Label_4:System.Windows.Controls.Grid.Row,None,False,True,,3
SmartWorking.Office.Gui.g.en-US.resources:updatecontractor.baml,Label_5:System.Windows.Controls.Label.$Content,Label,True,True,,
SmartWorking.Office.Gui.g.en-US.resources:updatecontractor.baml,Label_5:System.Windows.Controls.ContentControl.Content,Label,True,True,,Telefon:
SmartWorking.Office.Gui.g.en-US.resources:updatecontractor.baml,Label_5:System.Windows.Controls.Grid.Row,None,False,True,,4
SmartWorking.Office.Gui.g.en-US.resources:updatecontractor.baml,TextBox_1:System.Windows.Controls.TextBox.$Content,Text,True,True,,
SmartWorking.Office.Gui.g.en-US.resources:updatecontractor.baml,TextBox_1:System.Windows.Controls.Grid.Row,None,False,True,,0
SmartWorking.Office.Gui.g.en-US.resources:updatecontractor.baml,TextBox_1:System.Windows.Controls.Grid.Column,None,False,True,,1
SmartWorking.Office.Gui.g.en-US.resources:updatecontractor.baml,TextBox_1:System.Windows.Controls.Primitives.TextBoxBase.IsReadOnly,None,False,True,,True
SmartWorking.Office.Gui.g.en-US.resources:updatecontractor.baml,TextBox_2:System.Windows.Controls.TextBox.$Content,Text,True,True,,
SmartWorking.Office.Gui.g.en-US.resources:updatecontractor.baml,TextBox_2:System.Windows.Controls.Grid.Row,None,False,True,,1
SmartWorking.Office.Gui.g.en-US.resources:updatecontractor.baml,TextBox_2:System.Windows.Controls.Grid.Column,None,False,True,,1
SmartWorking.Office.Gui.g.en-US.resources:updatecontractor.baml,TextBox_3:System.Windows.Controls.TextBox.$Content,Text,True,True,,
SmartWorking.Office.Gui.g.en-US.resources:updatecontractor.baml,TextBox_3:System.Windows.Controls.Grid.Row,None,False,True,,2
SmartWorking.Office.Gui.g.en-US.resources:updatecontractor.baml,TextBox_3:System.Windows.Controls.Grid.Column,None,False,True,,1
SmartWorking.Office.Gui.g.en-US.resources:updatecontractor.baml,TextBox_4:System.Windows.Controls.TextBox.$Content,Text,True,True,,
SmartWorking.Office.Gui.g.en-US.resources:updatecontractor.baml,TextBox_4:System.Windows.Controls.Grid.Row,None,False,True,,3
SmartWorking.Office.Gui.g.en-US.resources:updatecontractor.baml,TextBox_4:System.Windows.Controls.Grid.Column,None,False,True,,1
SmartWorking.Office.Gui.g.en-US.resources:updatecontractor.baml,TextBox_5:System.Windows.Controls.TextBox.$Content,Text,True,True,,
SmartWorking.Office.Gui.g.en-US.resources:updatecontractor.baml,TextBox_5:System.Windows.Controls.Grid.Row,None,False,True,,4
SmartWorking.Office.Gui.g.en-US.resources:updatecontractor.baml,TextBox_5:System.Windows.Controls.Grid.Column,None,False,True,,1
SmartWorking.Office.Gui.g.en-US.resources:updatecontractor.baml,StackPanel_2:System.Windows.Controls.StackPanel.Orientation,None,False,True,,Horizontal
SmartWorking.Office.Gui.g.en-US.resources:updatecontractor.baml,StackPanel_2:System.Windows.Controls.Grid.Row,None,False,True,,2
SmartWorking.Office.Gui.g.en-US.resources:updatecontractor.baml,StackPanel_2:System.Windows.Controls.Grid.ColumnSpan,None,False,True,,2
SmartWorking.Office.Gui.g.en-US.resources:updatecontractor.baml,StackPanel_2:System.Windows.FrameworkElement.HorizontalAlignment,None,False,True,,Right
SmartWorking.Office.Gui.g.en-US.resources:updatecontractor.baml,Shared:DescriptionButton_1:SmartWorking.Office.Gui.View.Shared.DescriptionButton.$Content,None,True,True,,
SmartWorking.Office.Gui.g.en-US.resources:updatecontractor.baml,Shared:DescriptionButton_2:SmartWorking.Office.Gui.View.Shared.DescriptionButton.$Content,None,True,True,,
SmartWorking.Office.Gui.g.en-US.resources:updatecontractor.baml,Shared:DescriptionButton_2:System.Windows.Controls.ContentControl.Content,None,True,True,,Anuluj
SmartWorking.Office.Gui.g.en-US.resources:updatecontractor.baml,Shared:DescriptionButton_2:SmartWorking.Office.Gui.View.Shared.DescriptionButton.Comment,None,True,True,,Zamknij okno
SmartWorking.Office.Gui.g.en-US.resources:managerecipes.baml,UserControl_1:SmartWorking.Office.Gui.View.Recipes.ManageRecipes.$Content,None,True,True,,#Grid_1;
SmartWorking.Office.Gui.g.en-US.resources:managerecipes.baml,RowDefinition_1:System.Windows.Controls.RowDefinition.MinHeight,None,False,True,,200
SmartWorking.Office.Gui.g.en-US.resources:managerecipes.baml,DataGrid_1:System.Windows.Controls.DataGrid.$Content,None,False,True,,
SmartWorking.Office.Gui.g.en-US.resources:managerecipes.baml,DataGrid_1:System.Windows.Controls.DataGrid.SelectionMode,None,True,False,,Single
SmartWorking.Office.Gui.g.en-US.resources:managerecipes.baml,DataGrid_1:System.Windows.Controls.DataGrid.CanUserAddRows,None,False,True,,False
SmartWorking.Office.Gui.g.en-US.resources:managerecipes.baml,DataGrid_1:System.Windows.Controls.DataGrid.CanUserDeleteRows,None,False,True,,False
SmartWorking.Office.Gui.g.en-US.resources:managerecipes.baml,DataGrid_1:System.Windows.Controls.DataGrid.CanUserReorderColumns,None,False,True,,False
SmartWorking.Office.Gui.g.en-US.resources:managerecipes.baml,DataGrid_1:System.Windows.Controls.DataGrid.AutoGenerateColumns,None,False,True,,False
SmartWorking.Office.Gui.g.en-US.resources:managerecipes.baml,DataGrid_1:System.Windows.Controls.DataGrid.IsReadOnly,None,False,True,,True
SmartWorking.Office.Gui.g.en-US.resources:managerecipes.baml,DataGridTextColumn_1:System.Windows.Controls.DataGridTextColumn.$Content,None,True,True,,
SmartWorking.Office.Gui.g.en-US.resources:managerecipes.baml,DataGridTextColumn_1:System.Windows.Controls.DataGridColumn.Header,None,True,True,,Id
SmartWorking.Office.Gui.g.en-US.resources:managerecipes.baml,DataGridTextColumn_2:System.Windows.Controls.DataGridTextColumn.$Content,None,True,True,,
SmartWorking.Office.Gui.g.en-US.resources:managerecipes.baml,DataGridTextColumn_2:System.Windows.Controls.DataGridColumn.Header,None,True,True,,Nazwa
SmartWorking.Office.Gui.g.en-US.resources:managerecipes.baml,DataGridTextColumn_3:System.Windows.Controls.DataGridTextColumn.$Content,None,True,True,,
SmartWorking.Office.Gui.g.en-US.resources:managerecipes.baml,DataGridTextColumn_3:System.Windows.Controls.DataGridColumn.Header,None,True,True,,Skrót
SmartWorking.Office.Gui.g.en-US.resources:managerecipes.baml,Border_1:System.Windows.Controls.Grid.Row,None,False,True,,1
SmartWorking.Office.Gui.g.en-US.resources:managerecipes.baml,Border_1:System.Windows.Controls.Grid.ColumnSpan,None,False,True,,2
SmartWorking.Office.Gui.g.en-US.resources:managerecipes.baml,Grid_2:System.Windows.Controls.Grid.Row,None,False,True,,2
SmartWorking.Office.Gui.g.en-US.resources:managerecipes.baml,StackPanel_1:System.Windows.Controls.StackPanel.Orientation,None,False,True,,Horizontal
SmartWorking.Office.Gui.g.en-US.resources:managerecipes.baml,StackPanel_1:System.Windows.Controls.Grid.Column,None,False,True,,0
SmartWorking.Office.Gui.g.en-US.resources:managerecipes.baml,StackPanel_1:System.Windows.FrameworkElement.HorizontalAlignment,None,False,True,,Left
SmartWorking.Office.Gui.g.en-US.resources:managerecipes.baml,Button_1:System.Windows.Controls.Button.$Content,Button,True,True,,
SmartWorking.Office.Gui.g.en-US.resources:managerecipes.baml,Button_1:System.Windows.Controls.ContentControl.Content,Button,True,True,,Utwórz receptę
SmartWorking.Office.Gui.g.en-US.resources:managerecipes.baml,StackPanel_2:System.Windows.Controls.StackPanel.Orientation,None,False,True,,Horizontal
SmartWorking.Office.Gui.g.en-US.resources:managerecipes.baml,StackPanel_2:System.Windows.Controls.Grid.Column,None,False,True,,1
SmartWorking.Office.Gui.g.en-US.resources:managerecipes.baml,StackPanel_2:System.Windows.FrameworkElement.HorizontalAlignment,None,False,True,,Right
SmartWorking.Office.Gui.g.en-US.resources:managerecipes.baml,Button_2:System.Windows.Controls.Button.$Content,Button,True,True,,
SmartWorking.Office.Gui.g.en-US.resources:managerecipes.baml,Button_2:System.Windows.Controls.ContentControl.Content,Button,True,True,,Wybierz
SmartWorking.Office.Gui.g.en-US.resources:managerecipes.baml,Button_3:System.Windows.Controls.Button.$Content,Button,True,True,,
SmartWorking.Office.Gui.g.en-US.resources:managerecipes.baml,Button_3:System.Windows.Controls.ContentControl.Content,Button,True,True,,Anuluj
SmartWorking.Office.Gui.g.en-US.resources:mainwindow.baml,Window_1:SmartWorking.Office.Gui.View.MainWindow.$Content,None,True,True,,#Grid_1;
SmartWorking.Office.Gui.g.en-US.resources:mainwindow.baml,Window_1:System.Windows.Window.Title,Title,True,True,,Smart working (office)
SmartWorking.Office.Gui.g.en-US.resources:mainwindow.baml,Shared:DescriptionButton_1:SmartWorking.Office.Gui.View.Shared.DescriptionButton.$Content,None,True,True,,Zarządzanie WZ&apos;tkami
SmartWorking.Office.Gui.g.en-US.resources:mainwindow.baml,Shared:DescriptionButton_1:SmartWorking.Office.Gui.View.Shared.DescriptionButton.Comment,None,True,True,,Tworzymy nową lub anulujemy już istniejącą WZ&apos;tkę
SmartWorking.Office.Gui.g.en-US.resources:mainwindow.baml,Shared:DescriptionButton_2:SmartWorking.Office.Gui.View.Shared.DescriptionButton.$Content,None,True,True,,Zarządzanie kontrahentami
SmartWorking.Office.Gui.g.en-US.resources:mainwindow.baml,Shared:DescriptionButton_2:SmartWorking.Office.Gui.View.Shared.DescriptionButton.Comment,None,True,True,,Dopisz lub zmodyfikuj dane o kontrahencie
SmartWorking.Office.Gui.g.en-US.resources:mainwindow.baml,Shared:DescriptionButton_3:SmartWorking.Office.Gui.View.Shared.DescriptionButton.$Content,None,True,True,,Zarządzanie materiałami
SmartWorking.Office.Gui.g.en-US.resources:mainwindow.baml,Shared:DescriptionButton_3:SmartWorking.Office.Gui.View.Shared.DescriptionButton.Comment,None,True,True,,Utwórz lub edytuj dane o materiałach
SmartWorking.Office.Gui.g.en-US.resources:mainwindow.baml,Shared:DescriptionButton_4:SmartWorking.Office.Gui.View.Shared.DescriptionButton.$Content,None,True,True,,Zarządzanie receptami
SmartWorking.Office.Gui.g.en-US.resources:mainwindow.baml,Shared:DescriptionButton_4:SmartWorking.Office.Gui.View.Shared.DescriptionButton.Comment,None,True,True,,Utwórz lub zmodyfikuj receptę
SmartWorking.Office.Gui.g.en-US.resources:mainwindow.baml,Shared:DescriptionButton_5:SmartWorking.Office.Gui.View.Shared.DescriptionButton.$Content,None,True,True,,Zarządzanie kierowcami
SmartWorking.Office.Gui.g.en-US.resources:mainwindow.baml,Shared:DescriptionButton_5:SmartWorking.Office.Gui.View.Shared.DescriptionButton.Comment,None,True,True,,Zarządzaj kierowcami
SmartWorking.Office.Gui.g.en-US.resources:mainwindow.baml,Shared:DescriptionButton_6:SmartWorking.Office.Gui.View.Shared.DescriptionButton.$Content,None,True,True,,Zarządzanie samochodami
SmartWorking.Office.Gui.g.en-US.resources:mainwindow.baml,Shared:DescriptionButton_6:SmartWorking.Office.Gui.View.Shared.DescriptionButton.Comment,None,True,True,,Zarządzaj swoimi samochodami
SmartWorking.Office.Gui.g.en-US.resources:mainwindow.baml,Shared:DescriptionButton_7:SmartWorking.Office.Gui.View.Shared.DescriptionButton.$Content,None,True,True,,Zarządzanie magazynem
SmartWorking.Office.Gui.g.en-US.resources:mainwindow.baml,Shared:DescriptionButton_7:SmartWorking.Office.Gui.View.Shared.DescriptionButton.Comment,None,True,True,,Wprowadz dane o dostawie towaru do magazynu
SmartWorking.Office.Gui.g.en-US.resources:app.baml,Application_1:SmartWorking.Office.Gui.App.$Content,None,True,True,,
SmartWorking.Office.Gui.g.en-US.resources:app.baml,ResourceDictionary_2:System.Windows.ResourceDictionary.Source,None,True,False,,DefaultSkin.xaml
